7SK	NCBIGene:125050
A2LD1	NCBIGene:87769
A2ML1	NCBIGene:144568
AAK1	NCBIGene:22848
AANAT	NCBIGene:15
ABCA1	NCBIGene:19
ABCA13	NCBIGene:154664
ABCA2	NCBIGene:20
ABCA3	NCBIGene:21
ABCA4	NCBIGene:24
ABCA7	NCBIGene:10347
ABCA8	NCBIGene:10351
ABCA9	NCBIGene:10350
ABCB10	NCBIGene:23456
ABCB7	NCBIGene:22
ABCC2	NCBIGene:1244
ABCC6	NCBIGene:368
ABCC8	NCBIGene:6833
ABCE1	NCBIGene:6059
ABHD11	NCBIGene:83451
ABHD12B	NCBIGene:145447
ABHD13	NCBIGene:84945
ABHD16A	NCBIGene:7920
ABL1	NCBIGene:25
ACAD8	NCBIGene:27034
ACAN	NCBIGene:176
ACAP1	NCBIGene:9744
ACAP2	NCBIGene:23527
ACAP3	NCBIGene:116983
ACAT2	NCBIGene:39
ACBD6	NCBIGene:84320
ACCN3	NCBIGene:9311
ACE2	NCBIGene:59272
ACER1	NCBIGene:125981
ACER3	NCBIGene:55331
ACO1	NCBIGene:48
ACOT7	NCBIGene:11332
ACP1	NCBIGene:52
ACSM2B	NCBIGene:348158
ACSS2	NCBIGene:55902
ACTN3	NCBIGene:89
ACTN4	NCBIGene:81
ACTR8	NCBIGene:93973
ADAL	NCBIGene:161823
ADAM10	NCBIGene:102
ADAM18	NCBIGene:8749
ADAMDEC1	NCBIGene:27299
ADAMTS13	NCBIGene:11093
ADAMTS20	NCBIGene:80070
ADAMTS3	NCBIGene:9508
ADAMTS7	NCBIGene:11173
ADAMTSL3	NCBIGene:57188
ADAP1	NCBIGene:11033
ADAR	NCBIGene:103
ADCK3	NCBIGene:56997
ADCY1	NCBIGene:107
ADCY10	NCBIGene:55811
ADCY4	NCBIGene:196883
ADCY9	NCBIGene:115
ADGB	NCBIGene:79747
ADRA1A	NCBIGene:148
ADRBK2	NCBIGene:157
ADRM1	NCBIGene:11047
AES	NCBIGene:166
AFF1	NCBIGene:4299
AFF2	NCBIGene:2334
AFF3	NCBIGene:3899
AFG3L2	NCBIGene:10939
AGAP1	NCBIGene:116987
AGAP5	NCBIGene:729092
AGAP7	
AGGF1	NCBIGene:55109
AGL	NCBIGene:178
AGPAT3	NCBIGene:56894
AGRN	NCBIGene:375790
AGXT2	NCBIGene:64902
AHCTF1	NCBIGene:25909
AHNAK	NCBIGene:79026
AHNAK2	NCBIGene:113146
AHSG	NCBIGene:197
AIP	NCBIGene:9049
AIPL1	NCBIGene:23746
AK024134	
AK094818	
AK098438	
AK125598	
AK125701	
AK2	NCBIGene:204
AK308439	
AK308561	
AK308965	
AKAP14	NCBIGene:158798
AKAP4	NCBIGene:8852
AKAP7	NCBIGene:9465
AKAP9	NCBIGene:10142
AKNA	NCBIGene:80709
AKR1B10	NCBIGene:57016
AKR1C1	NCBIGene:1645
AKR1C3	NCBIGene:8644
AKR7L	NCBIGene:246181
AKT1S1	NCBIGene:84335
AL049415	
AL137522	
ALAS2	NCBIGene:212
ALCAM	NCBIGene:214
ALDOA	NCBIGene:226
ALG1L	NCBIGene:200810
ALK	NCBIGene:238
ALX1	NCBIGene:8092
AMD1	NCBIGene:262
AMPD1	NCBIGene:270
AMPD3	NCBIGene:272
AMY2A	NCBIGene:279
ANAPC1	NCBIGene:64682
ANAPC2	NCBIGene:29882
ANGEL1	NCBIGene:23357
ANGPT2	NCBIGene:285
ANGPTL4	NCBIGene:51129
ANK2	NCBIGene:287
ANK3	NCBIGene:288
ANKIB1	NCBIGene:54467
ANKRD1	NCBIGene:27063
ANKRD19P	NCBIGene:138649
ANKRD20A9P	NCBIGene:284232
ANKRD24	NCBIGene:170961
ANKRD26	NCBIGene:22852
ANKRD30B	NCBIGene:374860
ANKRD33B	NCBIGene:651746
ANKRD34C	NCBIGene:390616
ANKRD54	NCBIGene:129138
ANKZF1	NCBIGene:55139
ANO1	NCBIGene:55107
ANO6	NCBIGene:196527
ANP32B	NCBIGene:10541
ANTXR1	NCBIGene:84168
ANTXR2	NCBIGene:118429
ANXA2P3	NCBIGene:305
AP3D1	NCBIGene:8943
AP3M1	NCBIGene:26985
AP4M1	NCBIGene:9179
APAF1	NCBIGene:317
APBA3	NCBIGene:9546
APBB1IP	NCBIGene:54518
APEX2	NCBIGene:27301
APOA1	NCBIGene:335
APOB	NCBIGene:338
APOBEC3A_B	NCBIGene:100913187
APOBEC3B	NCBIGene:9582
APOBEC3B-AS1	NCBIGene:100874530
APOBEC3G	NCBIGene:60489
APOL1	NCBIGene:8542
APOL2	NCBIGene:23780
AQP4	NCBIGene:361
AQP5	NCBIGene:362
ARAP2	NCBIGene:116984
ARC	NCBIGene:23237
ARFGAP1	NCBIGene:55738
ARFGEF1	NCBIGene:10565
ARHGAP1	NCBIGene:392
ARHGAP15	NCBIGene:55843
ARHGAP20	NCBIGene:57569
ARHGAP23	NCBIGene:57636
ARHGAP25	NCBIGene:9938
ARHGAP32	NCBIGene:9743
ARHGAP39	NCBIGene:80728
ARHGAP4	NCBIGene:393
ARHGAP40	NCBIGene:343578
ARHGAP6	NCBIGene:395
ARHGAP8	NCBIGene:23779
ARHGAP9	NCBIGene:64333
ARHGDIA	NCBIGene:396
ARHGDIG	NCBIGene:398
ARHGEF1	NCBIGene:9138
ARHGEF10L	NCBIGene:55160
ARHGEF11	NCBIGene:9826
ARHGEF12	NCBIGene:23365
ARHGEF17	NCBIGene:9828
ARHGEF37	NCBIGene:389337
ARHGEF40	NCBIGene:55701
ARID1B	NCBIGene:57492
ARID2	NCBIGene:196528
ARID3C	NCBIGene:138715
ARMCX1	NCBIGene:51309
ARNTL	NCBIGene:406
ARNTL2	NCBIGene:56938
ARRDC1	NCBIGene:92714
ARSF	NCBIGene:416
ASAP2	NCBIGene:8853
ASCC2	NCBIGene:84164
ASF1A	NCBIGene:25842
ASMT	NCBIGene:438
ASPM	NCBIGene:259266
ATAD2B	NCBIGene:54454
ATF7IP	NCBIGene:55729
ATG2A	NCBIGene:23130
ATG2B	NCBIGene:55102
ATG3	NCBIGene:64422
ATG4A	NCBIGene:115201
ATL3	NCBIGene:25923
ATM	NCBIGene:472
ATN1	NCBIGene:1822
ATP11A	NCBIGene:23250
ATP11C	NCBIGene:286410
ATP12A	NCBIGene:479
ATP13A2	NCBIGene:23400
ATP1A1	NCBIGene:476
ATP2B2	NCBIGene:491
ATP2B3	NCBIGene:492
ATP4A	NCBIGene:495
ATP5SL	NCBIGene:55101
ATP6V0A4	NCBIGene:50617
ATP6V1B1	NCBIGene:525
ATP6V1G3	NCBIGene:127124
ATP7A	NCBIGene:538
ATP8A2	NCBIGene:51761
ATP8B2	NCBIGene:57198
ATP8B3	NCBIGene:148229
ATP9B	NCBIGene:374868
ATPBD4	NCBIGene:89978
ATRX	NCBIGene:546
AUH	NCBIGene:549
AURKAIP1	NCBIGene:54998
AUTS2	NCBIGene:26053
AVPR1A	NCBIGene:552
AVPR2	NCBIGene:554
AWAT2	NCBIGene:158835
AX721280	
AX746671	
AX747090	
AX747264	
AXIN1	NCBIGene:8312
AXIN2	NCBIGene:8313
B4GALNT2	NCBIGene:124872
B4GALNT3	NCBIGene:283358
BAG3	NCBIGene:9531
BAI3	NCBIGene:577
BAIAP2L1	NCBIGene:55971
BAIAP3	NCBIGene:8938
BAK1	NCBIGene:578
BARD1	NCBIGene:580
BAZ2A	NCBIGene:11176
BC067269	
BC071667	
BC071797	
BC080605	
BC112340	
BC139719	
BCAN	NCBIGene:63827
BCL11B	NCBIGene:64919
BCL2L11	NCBIGene:10018
BCL2L13	NCBIGene:23786
BCL2L14	NCBIGene:79370
BCL9L	NCBIGene:283149
BCORL1	NCBIGene:63035
BCYRN1	NCBIGene:618
BDKRB2	NCBIGene:624
BEGAIN	NCBIGene:57596
BHLHB9	NCBIGene:80823
BIN2	NCBIGene:51411
BIRC6	NCBIGene:57448
bK250D10.C22.8	
BMP2	NCBIGene:650
BMP2K	NCBIGene:55589
BMP7	NCBIGene:655
BOD1L	NCBIGene:259282
BOD1L1	NCBIGene:259282
BOLL	NCBIGene:66037
BPIFB6	NCBIGene:128859
BRCA2	NCBIGene:675
BRD3	NCBIGene:8019
BRD9	NCBIGene:65980
BREA2	NCBIGene:286076
BRF1	NCBIGene:2972
BRWD3	NCBIGene:254065
BSN	NCBIGene:8927
BTAF1	NCBIGene:9044
BTBD10	NCBIGene:84280
BTBD16	NCBIGene:118663
BTBD7	NCBIGene:55727
BTC	NCBIGene:685
BTG4	NCBIGene:54766
BTK	NCBIGene:695
BTNL2	NCBIGene:56244
BUB1B	NCBIGene:701
BX649158	
C11orf1	NCBIGene:64776
C11orf2	NCBIGene:56912
C11orf48	NCBIGene:102288414
C11orf63	NCBIGene:79864
C11orf83	NCBIGene:790955
C12orf40	NCBIGene:283461
C12orf5	NCBIGene:57103
C12orf51	NCBIGene:283450
C14orf159	NCBIGene:80017
C14orf166	NCBIGene:51637
C14orf180	NCBIGene:400258
C14orf80	NCBIGene:283643
C15orf41	NCBIGene:84529
C16orf45	NCBIGene:89927
C16orf46	NCBIGene:123775
C16orf54	NCBIGene:283897
C17orf101	NCBIGene:79701
C17orf39	NCBIGene:79018
C17orf50	NCBIGene:146853
C17orf59	NCBIGene:54785
C17orf66	NCBIGene:256957
C17orf70	NCBIGene:80233
C17orf72	NCBIGene:92340
C17orf99	NCBIGene:100141515
C18orf8	NCBIGene:29919
C19orf29	NCBIGene:58509
C19orf29-AS1	NCBIGene:404665
C19orf51	NCBIGene:352909
C19orf59	NCBIGene:199675
C1GALT1C1	NCBIGene:29071
C1orf106	NCBIGene:55765
C1orf127	NCBIGene:148345
C1orf145	NCBIGene:574407
C1orf162	NCBIGene:128346
C1orf177	NCBIGene:163747
C1orf182	NCBIGene:128229
C1orf204	NCBIGene:284677
C1orf213	NCBIGene:148898
C1orf53	NCBIGene:388722
C1orf94	NCBIGene:84970
C1QTNF9	NCBIGene:338872
C1QTNF9B	NCBIGene:387911
C1QTNF9B-AS1	NCBIGene:542767
C20orf177	NCBIGene:63939
C20orf194	NCBIGene:25943
C20orf27	NCBIGene:54976
C20orf7	NCBIGene:79133
C21orf128	NCBIGene:150147
C2CD3	NCBIGene:26005
C2orf55	NCBIGene:343990
C3	NCBIGene:718
C3orf19	NCBIGene:51244
C3orf24	NCBIGene:115795
C3orf35	NCBIGene:339883
C4orf21	NCBIGene:55345
C4orf37	NCBIGene:285555
C5orf60	NCBIGene:285679
C6orf10	NCBIGene:10665
C6orf211	NCBIGene:79624
C6orf222	NCBIGene:389384
C7orf13	NCBIGene:129790
C7	NCBIGene:730
C7orf10	NCBIGene:79783
C7orf10	NCBIGene:79783
C7orf63	NCBIGene:79846
C8orf82	NCBIGene:414919
C8orf85	NCBIGene:441376
C9orf131	NCBIGene:138724
C9orf139	NCBIGene:401563
C9orf156	NCBIGene:51531
C9orf167	NCBIGene:54863
C9orf37	NCBIGene:85026
C9orf43	NCBIGene:257169
C9orf46	NCBIGene:55848
CA1	NCBIGene:759
CABP5	NCBIGene:56344
CACNA1A	NCBIGene:773
CACNA1B	NCBIGene:774
CACNA1C	NCBIGene:775
CACNA1E	NCBIGene:777
CACNA1H	NCBIGene:8912
CACNA1S	NCBIGene:779
CACNA2D3	NCBIGene:55799
CACNA2D3-AS1	NCBIGene:100874237
CADPS	NCBIGene:8618
CADPS2	NCBIGene:93664
CALB2	NCBIGene:794
CALCRL	NCBIGene:10203
CALD1	NCBIGene:800
CALN1	NCBIGene:83698
CALR3	NCBIGene:125972
CAMK1G	NCBIGene:57172
CAMTA1	NCBIGene:23261
CAND2	NCBIGene:23066
CAPN12	NCBIGene:147968
CAPN15	NCBIGene:6650
CAPN7	NCBIGene:23473
CAPZB	NCBIGene:832
CARD18	NCBIGene:59082
CARD9	NCBIGene:64170
CASK	NCBIGene:8573
CASP1	NCBIGene:834
CASP5	NCBIGene:838
CASP8	NCBIGene:841
CAST	NCBIGene:831
CATSPER1	NCBIGene:117144
CATSPER2	NCBIGene:117155
CBLN1	NCBIGene:869
CBWD1	NCBIGene:55871
CBX5	NCBIGene:23468
CCDC127	NCBIGene:133957
CCDC14	NCBIGene:64770
CCDC15	NCBIGene:80071
CCDC152	NCBIGene:100129792
CCDC157	NCBIGene:550631
CCDC164	NCBIGene:92749
CCDC168	NCBIGene:643677
CCDC22	NCBIGene:28952
CCDC37	NCBIGene:348807
CCDC39	NCBIGene:339829
CCDC40	NCBIGene:55036
CCDC47	NCBIGene:57003
CCDC62	NCBIGene:84660
CCDC67	NCBIGene:159989
CCDC7	NCBIGene:79741
CCDC71	NCBIGene:64925
CCDC73	NCBIGene:493860
CCDC78	NCBIGene:124093
CCDC80	NCBIGene:151887
CCDC88B	NCBIGene:283234
CCDC89	NCBIGene:220388
CCDC9	NCBIGene:26093
CCDC90B	NCBIGene:60492
CCER1	NCBIGene:196477
CCIN	NCBIGene:881
CCNF	NCBIGene:899
CCNYL1	NCBIGene:151195
CCPG1	NCBIGene:9236
CCR1	NCBIGene:1230
CCT6P3	NCBIGene:643180
CCT8L2	NCBIGene:150160
CD109	NCBIGene:135228
CD200R1	NCBIGene:131450
CD4	NCBIGene:920
CD40LG	NCBIGene:959
CD59	NCBIGene:966
CD7	NCBIGene:924
CD8A	NCBIGene:925
CD97	NCBIGene:976
CDC20B	NCBIGene:166979
CDC23	NCBIGene:8697
CDC42BPA	NCBIGene:8476
CDC42BPB	NCBIGene:9578
CDC42BPG	NCBIGene:55561
CDC42EP3	NCBIGene:10602
CDH12	NCBIGene:1010
CDHR2	NCBIGene:54825
CDK12	NCBIGene:51755
CDKL2	NCBIGene:8999
CDKN2AIP	NCBIGene:55602
CDON	NCBIGene:50937
CDR2L	NCBIGene:30850
CDRT4	NCBIGene:284040
CECR5	NCBIGene:27440
CELF2	NCBIGene:10659
CENPF	NCBIGene:1063
CENPH	NCBIGene:64946
CENPI	NCBIGene:2491
CENPJ	NCBIGene:55835
CENPM	NCBIGene:79019
CEP120	NCBIGene:153241
CEP350	NCBIGene:9857
CEP89	NCBIGene:84902
CEP97	NCBIGene:79598
CERS4	NCBIGene:79603
CES1	NCBIGene:1066
CES2	NCBIGene:8824
CETN3	NCBIGene:1070
CFHR4	NCBIGene:10877
CFTR	NCBIGene:1080
CGB	NCBIGene:1082
CGB7	NCBIGene:94027
CGN	NCBIGene:57530
CHD1L	NCBIGene:9557
CHD5	NCBIGene:26038
CHD6	NCBIGene:84181
CHDC2	NCBIGene:286464
CHEK2	NCBIGene:11200
CHGA	NCBIGene:1113
CHI3L2	NCBIGene:1117
CHID1	NCBIGene:66005
CHIT1	NCBIGene:1118
CHL1	NCBIGene:10752
CHML	NCBIGene:1122
CHPF2	NCBIGene:54480
CHRNA7	NCBIGene:1139
CHRNB2	NCBIGene:1141
CHRNB4	NCBIGene:1143
CKAP5	NCBIGene:9793
CKMT1A	NCBIGene:548596
CKMT1B	NCBIGene:1159
CLASP2	NCBIGene:23122
CLCN1	NCBIGene:1180
CLCNKA	NCBIGene:1187
CLDND2	NCBIGene:125875
CLEC18A	NCBIGene:348174
CLEC2L	NCBIGene:154790
CLIC2	NCBIGene:1193
CLIP3	NCBIGene:25999
CLK2	NCBIGene:1196
CLLU1	NCBIGene:574028
CLLU1OS	NCBIGene:574016
CLMN	NCBIGene:79789
CLN8	NCBIGene:2055
CLSTN3	NCBIGene:9746
CMAHP	NCBIGene:8418
CMC4	NCBIGene:100272147
CMSS1	NCBIGene:84319
CNGA2	NCBIGene:1260
CNGB1	NCBIGene:1258
CNNM2	NCBIGene:54805
CNOT1	NCBIGene:23019
CNOT6L	NCBIGene:246175
CNTD2	NCBIGene:79935
CNTN3	NCBIGene:5067
CNTNAP3B	NCBIGene:728577
CNTROB	NCBIGene:116840
COBRA1	NCBIGene:25920
COL10A1	NCBIGene:1300
COL11A1	NCBIGene:1301
COL14A1	NCBIGene:7373
COL16A1	NCBIGene:1307
COL18A1	NCBIGene:80781
COL19A1	NCBIGene:1310
COL1A1	NCBIGene:1277
COL1A2	NCBIGene:1278
COL20A1	NCBIGene:57642
COL21A1	NCBIGene:81578
COL28A1	NCBIGene:340267
COL4A3	NCBIGene:1285
COL4A5	NCBIGene:1287
COL4A6	NCBIGene:1288
COL5A2	NCBIGene:1290
COL5A3	NCBIGene:50509
COL6A1	NCBIGene:1291
COL6A2	NCBIGene:1292
COL6A3	NCBIGene:1293
COLQ	NCBIGene:8292
COQ3	NCBIGene:51805
COQ6	NCBIGene:51004
COX10	NCBIGene:1352
COX11	NCBIGene:1353
COX16	NCBIGene:51241
CPA6	NCBIGene:57094
CPAMD8	NCBIGene:27151
CPB1	NCBIGene:1360
CPM	NCBIGene:1368
CPPED1	NCBIGene:55313
CPS1	NCBIGene:1373
CPSF3L	NCBIGene:54973
CR2	NCBIGene:1380
CRAMP1L	NCBIGene:57585
CRBN	NCBIGene:51185
CREB3	NCBIGene:10488
CRISP2	NCBIGene:7180
CRLF2	NCBIGene:64109
CROCC	NCBIGene:9696
CRTAP	NCBIGene:10491
CRYL1	NCBIGene:51084
CRYZ	NCBIGene:1429
CSAG1	NCBIGene:158511
CSDA	NCBIGene:8531
CSF1R	NCBIGene:1436
CSF2RA	NCBIGene:1438
CSF2RB	NCBIGene:1439
CSGALNACT1	NCBIGene:55790
CSMD1	NCBIGene:64478
CSMD3	NCBIGene:114788
CSNK1A1	NCBIGene:1452
CSNK1D	NCBIGene:1453
CSNK1G2	NCBIGene:1455
CSPG4	NCBIGene:1464
CSTF3	NCBIGene:1479
CT47A1	NCBIGene:728096
CT47A10	NCBIGene:728036
CT47A11	NCBIGene:255313
CT47A12	NCBIGene:100507170
CT47A2	NCBIGene:728090
CT47A3	NCBIGene:728082
CT47A4	NCBIGene:728075
CT47A5	NCBIGene:728072
CT47A8	NCBIGene:728049
CT47A9	NCBIGene:728042
CT47B1	NCBIGene:643311
CTC1	NCBIGene:80169
CTDP1	NCBIGene:9150
CTDSPL2	NCBIGene:51496
CTNNBIP1	NCBIGene:56998
CTNS	NCBIGene:1497
CTPS1	NCBIGene:1503
CTRB2	NCBIGene:440387
CTU1	NCBIGene:90353
CTU2	NCBIGene:348180
CUBN	NCBIGene:8029
CUL4A	NCBIGene:8451
CUX2	NCBIGene:23316
CUZD1	NCBIGene:50624
CXorf22	NCBIGene:286464
CXorf38	NCBIGene:159013
CXorf58	NCBIGene:254158
CXorf65	NCBIGene:158830
CYFIP1	NCBIGene:23191
CYLC2	NCBIGene:1539
CYP19A1	NCBIGene:1588
CYP21A1P	NCBIGene:1590
CYP24A1	NCBIGene:1591
CYP2C8	NCBIGene:1558
CYP2D6	NCBIGene:1565
CYP2D7P1	
CYP2W1	NCBIGene:54905
CYP46A1	NCBIGene:10858
CYP4F22	NCBIGene:126410
CYP4V2	NCBIGene:285440
CYP4X1	NCBIGene:260293
CYSLTR2	NCBIGene:57105
D2HGDH	NCBIGene:728294
D56494	
D56495	
DACH2	NCBIGene:117154
DARS2	NCBIGene:55157
DBF4	NCBIGene:10926
DBNDD1	NCBIGene:79007
DCAF10	NCBIGene:79269
DCC	NCBIGene:1630
DCHS1	NCBIGene:8642
DCLRE1C	NCBIGene:64421
DCP2	NCBIGene:167227
DCTN3	NCBIGene:11258
DDC	NCBIGene:1644
DDT	NCBIGene:1652
DDX17	NCBIGene:10521
DDX19A	NCBIGene:55308
DDX19B	NCBIGene:11269
DDX27	NCBIGene:55661
DDX6	NCBIGene:1656
DDX60L	NCBIGene:91351
DECR1	NCBIGene:1666
DENND1A	NCBIGene:57706
DENR	NCBIGene:8562
DEPDC5	NCBIGene:9681
DGCR8	NCBIGene:54487
DGCR9	NCBIGene:25787
DGKD	NCBIGene:8527
DGKK	NCBIGene:139189
DHDDS	NCBIGene:79947
DHPS	NCBIGene:1725
DHRS4	NCBIGene:10901
DHX35	NCBIGene:60625
DHX8	NCBIGene:1659
DICER1	NCBIGene:23405
DIP2C	NCBIGene:22982
DISC1	NCBIGene:27185
DIXDC1	NCBIGene:85458
DJ439558	
DJ439561	
DJ439576	
DKFZp434F1622	
DKFZP434K028	NCBIGene:26070
DKFZp566F0947	
DKFZp761G0818	
DL492700	
DLAT	NCBIGene:1737
DLC1	NCBIGene:10395
DLG3	NCBIGene:1741
DLG4	NCBIGene:1742
DLGAP4	NCBIGene:22839
DLGAP5	NCBIGene:9787
DLL4	NCBIGene:54567
DM119510	
DMAP1	NCBIGene:55929
DMD	NCBIGene:1756
DMXL1	NCBIGene:1657
DMXL2	NCBIGene:23312
DNAH10	NCBIGene:196385
DNAH11	NCBIGene:8701
DNAH14	NCBIGene:127602
DNAH17	NCBIGene:8632
DNAH2	NCBIGene:146754
DNAH3	NCBIGene:55567
DNAH7	NCBIGene:56171
DNAH8	NCBIGene:1769
DNAH9	NCBIGene:1770
DNAJB5	NCBIGene:25822
DNAJC13	NCBIGene:23317
DOC2A	NCBIGene:8448
DOCK9	NCBIGene:23348
DOK6	NCBIGene:220164
DOPEY1	NCBIGene:23033
DPP4	NCBIGene:1803
DPY19L2P2	NCBIGene:349152
DPYSL2	NCBIGene:1808
DQ573130	
DQ573799	
DQ574660	
DQ574757	
DQ575242	
DQ576947	
DQ576999	
DQ578661	
DQ582462	
DQ584939	
DQ585853	
DQ586526	
DQ588066	
DQ588329	
DQ588370	
DQ588388	
DQ588394	
DQ588406	
DQ588424	
DQ588439	
DQ588584	
DQ590394	
DQ590432	
DQ591415	
DQ593353	
DQ593368	
DQ593624	
DQ595216	
DQ595299	
DQ597025	
DQ597461	
DQ599785	
DQ599799	
DRP2	NCBIGene:1821
DSC3	NCBIGene:1825
DSCAM	NCBIGene:1826
DSCAML1	NCBIGene:57453
DSG2	NCBIGene:1829
DSG3	NCBIGene:1830
DSP	NCBIGene:1832
DST	NCBIGene:667
DTX2P1-UPK3BP1-PMS2P11	NCBIGene:441263
DUOX2	NCBIGene:50506
DUS3L	NCBIGene:56931
DUSP16	NCBIGene:80824
DUSP22	NCBIGene:56940
DUX4L3	NCBIGene:653548
DYM	NCBIGene:54808
DYNC1I1	NCBIGene:1780
DYNC2H1	NCBIGene:79659
DYRK1A	NCBIGene:1859
DYSF	NCBIGene:8291
DYX1C1	NCBIGene:161582
E2F4	NCBIGene:1874
EARS2	NCBIGene:124454
ECT2L	NCBIGene:345930
EDA	NCBIGene:1896
EDAR	NCBIGene:10913
EFCAB6	NCBIGene:64800
EFEMP2	NCBIGene:30008
EFHC1	NCBIGene:114327
EFHC2	NCBIGene:80258
EFNA1	NCBIGene:1942
EGFL7	NCBIGene:51162
EGFLAM	NCBIGene:133584
EGLN1	NCBIGene:54583
EIF1AX	NCBIGene:1964
EIF1B	NCBIGene:10289
EIF3IP1	NCBIGene:442720
ELF1	NCBIGene:1997
ELF2	NCBIGene:1998
ELL2	NCBIGene:22936
ELMO3	NCBIGene:79767
ELMOD1	NCBIGene:55531
ELN	NCBIGene:2006
EMC10	NCBIGene:284361
EML1	NCBIGene:2009
EML4	NCBIGene:27436
EML6	NCBIGene:400954
EMR2	NCBIGene:30817
EMX2	NCBIGene:2018
EN1	NCBIGene:2019
ENDOU	NCBIGene:8909
ENG	NCBIGene:2022
ENOPH1	NCBIGene:58478
ENOX2	NCBIGene:10495
ENPP1	NCBIGene:5167
ENPP2	NCBIGene:5168
ENTHD2	NCBIGene:146705
ENTPD2	NCBIGene:954
ENTPD3	NCBIGene:956
ENTPD5	NCBIGene:957
ENTPD6	NCBIGene:955
ENTPD8	NCBIGene:377841
EP400	NCBIGene:57634
EPB41L3	NCBIGene:23136
EPG5	NCBIGene:57724
EPHA8	NCBIGene:2046
EPHX1	NCBIGene:2052
EPPK1	NCBIGene:83481
EPS8L3	NCBIGene:79574
ERAS	NCBIGene:3266
ERBB2IP	NCBIGene:55914
ERBB3	NCBIGene:2065
ERBB4	NCBIGene:2066
ERCC6L	NCBIGene:54821
ERGIC2	NCBIGene:51290
ERLEC1	NCBIGene:27248
ERN1	NCBIGene:2081
ERN2	NCBIGene:10595
ERO1LB	NCBIGene:56605
ERRFI1	NCBIGene:54206
ERV3-1	NCBIGene:2086
ESCO1	NCBIGene:114799
ESR2	NCBIGene:2100
ESYT2	NCBIGene:57488
ESYT3	NCBIGene:83850
ETNK1	NCBIGene:55500
ETV3L	NCBIGene:440695
ETV6	NCBIGene:2120
EVC	NCBIGene:2121
EVI5	NCBIGene:7813
EWSR1	NCBIGene:2130
EXD3	NCBIGene:54932
EXOC2	NCBIGene:55770
EXOC3L1	NCBIGene:283849
EXOSC10	NCBIGene:5394
EXPH5	NCBIGene:23086
EYA4	NCBIGene:2070
F13A1	NCBIGene:2162
F5	NCBIGene:2153
FAIM	NCBIGene:55179
FAM109A	NCBIGene:144717
FAM120AOS	NCBIGene:158293
FAM125B	NCBIGene:89853
FAM153B	NCBIGene:202134
FAM153C	NCBIGene:653316
FAM167A	NCBIGene:83648
FAM169A	NCBIGene:26049
FAM173A	NCBIGene:65990
FAM178A	NCBIGene:55719
FAM179B	NCBIGene:23116
FAM186B	NCBIGene:84070
FAM189A1	NCBIGene:23359
FAM18B2	NCBIGene:201158
FAM18B2-CDRT4	NCBIGene:100533496
FAM190A	NCBIGene:401145
FAM190B	NCBIGene:54462
FAM208A	NCBIGene:23272
FAM21A	NCBIGene:387680
FAM22A	NCBIGene:728118
FAM24B-CUZD1	NCBIGene:100533195
FAM27A	NCBIGene:100132948
FAM35A	NCBIGene:54537
FAM40B	NCBIGene:57464
FAM46D	NCBIGene:169966
FAM53B	NCBIGene:9679
FAM59A	NCBIGene:64762
FAM63B	NCBIGene:54629
FAM64A	NCBIGene:54478
FAM69C	NCBIGene:125704
FAM71E1	NCBIGene:112703
FAM81B	NCBIGene:153643
FAM83B	NCBIGene:222584
FAM86B2	NCBIGene:653333
FAM86JP	NCBIGene:100125556
FAM8A1	NCBIGene:51439
FAM90A1	NCBIGene:55138
FANCB	NCBIGene:2187
FANCD2	NCBIGene:2177
FANCI	NCBIGene:55215
FARP2	NCBIGene:9855
FAT1	NCBIGene:2195
FAT2	NCBIGene:2196
FAT3	NCBIGene:120114
FAT4	NCBIGene:79633
FBLN2	NCBIGene:2199
FBN3	NCBIGene:84467
FBXL7	NCBIGene:23194
FBXO2	NCBIGene:26232
FBXO21	NCBIGene:23014
FBXO42	NCBIGene:54455
FBXO44	NCBIGene:93611
FBXW5	NCBIGene:54461
FBXW7	NCBIGene:55294
FCER1A	NCBIGene:2205
FCGBP	NCBIGene:8857
FCGR2A	NCBIGene:2212
FCHSD2	NCBIGene:9873
FCRL3	NCBIGene:115352
FDXACB1	NCBIGene:91893
FECH	NCBIGene:2235
FFAR3	NCBIGene:2865
FGD1	NCBIGene:2245
FGFR1OP2	NCBIGene:26127
FHDC1	NCBIGene:85462
FHL1	NCBIGene:2273
FHOD3	NCBIGene:80206
FILIP1L	NCBIGene:11259
FIP1L1	NCBIGene:81608
FKBP10	NCBIGene:60681
FKBP6	NCBIGene:8468
FLG	NCBIGene:2312
FLJ39739	
FLJ42627	NCBIGene:645644
FLJ46361	
FLNA	NCBIGene:2316
FLNB	NCBIGene:2317
FLNC	NCBIGene:2318
FMN1	NCBIGene:342184
FMN2	NCBIGene:56776
FMNL1	NCBIGene:752
FMNL3	NCBIGene:91010
FNBP1L	NCBIGene:54874
FNDC3A	NCBIGene:22862
FNDC3B	NCBIGene:64778
FNIP1	NCBIGene:96459
FOXA1	NCBIGene:3169
FOXD4	NCBIGene:2298
FOXI2	NCBIGene:399823
FOXO3	NCBIGene:2309
FOXO4	NCBIGene:4303
FOXRED2	NCBIGene:80020
FPR3	NCBIGene:2359
FRA10AC1	NCBIGene:118924
FRAS1	NCBIGene:80144
FREM2	NCBIGene:341640
FRMD1	NCBIGene:79981
FRMD4A	NCBIGene:55691
FRMPD2	NCBIGene:143162
FRYL	NCBIGene:285527
FSCN2	NCBIGene:25794
FUNDC1	NCBIGene:139341
FUT10	NCBIGene:84750
FUT6	NCBIGene:2528
FXYD3	NCBIGene:5349
FYN	NCBIGene:2534
FZD4	NCBIGene:8322
GABBR2	NCBIGene:9568
GAGE2A	NCBIGene:729447
GAGE8	NCBIGene:100101629
GAK	NCBIGene:2580
GALK2	NCBIGene:2585
GALNT14	NCBIGene:79623
GALNT7	NCBIGene:51809
GALNT8	NCBIGene:26290
GALNTL1	NCBIGene:57452
GANC	NCBIGene:2595
GAS6	NCBIGene:2621
GAS8	NCBIGene:2622
GATAD2A	NCBIGene:54815
GBA2	NCBIGene:57704
GBA3	NCBIGene:57733
GBAS	NCBIGene:2631
GBGT1	NCBIGene:26301
GBP1	NCBIGene:2633
GC1	NCBIGene:79751
GCGR	NCBIGene:2642
GCOM1	NCBIGene:145781
GDF15	NCBIGene:9518
GEN1	NCBIGene:348654
GFOD1	NCBIGene:54438
GGT1	NCBIGene:2678
GGT3P	NCBIGene:2679
GIGYF1	NCBIGene:64599
GIGYF2	NCBIGene:26058
GIMAP2	NCBIGene:26157
GIT2	NCBIGene:9815
GJB2	NCBIGene:2706
GLB1	NCBIGene:2720
GLB1L	NCBIGene:79411
GLCE	NCBIGene:26035
GLDC	NCBIGene:2731
GLG1	NCBIGene:2734
GLIPR1	NCBIGene:11010
GLIS2	NCBIGene:84662
GLIS3	NCBIGene:169792
GLT1D1	NCBIGene:144423
GLT6D1	NCBIGene:360203
GLUD1	NCBIGene:2746
GLYR1	NCBIGene:84656
GMEB2	NCBIGene:26205
GNA11	NCBIGene:2767
GNA12	NCBIGene:2768
GNA13	NCBIGene:10672
GNAL	NCBIGene:2774
GNB2	NCBIGene:2783
GNL2	NCBIGene:29889
GNL3L	NCBIGene:54552
GOLGA1	NCBIGene:2800
GOLGA3	NCBIGene:2802
GOLGA4	NCBIGene:2803
GOLGA6C	NCBIGene:653641
GOLGA6L1	NCBIGene:283767
GOLGA6L10	NCBIGene:647042
GOLGA6L2	NCBIGene:283685
GOLGA6L6	NCBIGene:727832
GOLGA7	NCBIGene:51125
GOLGA8I	
GPATCH1	NCBIGene:55094
GPBP1L1	NCBIGene:60313
GPC3	NCBIGene:2719
GPC4	NCBIGene:2239
GPD1	NCBIGene:2819
GPD2	NCBIGene:2820
GPIHBP1	NCBIGene:338328
GPLD1	NCBIGene:2822
GPM6B	NCBIGene:2824
GPR101	NCBIGene:83550
GPR107	NCBIGene:57720
GPR112	NCBIGene:139378
GPR114	NCBIGene:221188
GPR125	NCBIGene:166647
GPR126	NCBIGene:57211
GPR143	NCBIGene:4935
GPR157	NCBIGene:80045
GPR162	NCBIGene:27239
GPR37	NCBIGene:2861
GPR98	NCBIGene:84059
GPRC5B	NCBIGene:51704
GPSM1	NCBIGene:26086
GRAMD1A	NCBIGene:57655
GRB10	NCBIGene:2887
GRB14	NCBIGene:2888
GRB7	NCBIGene:2886
GREB1	NCBIGene:9687
GREB1L	NCBIGene:80000
GREM2	NCBIGene:64388
GRHL2	NCBIGene:79977
GRIA3	NCBIGene:2892
GRIK4	NCBIGene:2900
GRIPAP1	NCBIGene:56850
GRK4	NCBIGene:2868
GRK5	NCBIGene:2869
GSDMA	NCBIGene:284110
GSDMD	NCBIGene:79792
GSTA5	NCBIGene:221357
GTF2A1	NCBIGene:2957
GTF2A1L	NCBIGene:11036
GTF2H3	NCBIGene:2967
GTF2H5	NCBIGene:404672
GTPBP4	NCBIGene:23560
GUCY2EP	NCBIGene:390226
GYG2	NCBIGene:8908
GYS1	NCBIGene:2997
HACE1	NCBIGene:57531
HAGHL	NCBIGene:84264
HAL	NCBIGene:3034
HAPLN4	NCBIGene:404037
HAUS6	NCBIGene:54801
HBG1	NCBIGene:3047
HCFC1	NCBIGene:3054
HCG11	NCBIGene:493812
HCN2	NCBIGene:610
HDAC6	NCBIGene:10013
HDAC7	NCBIGene:51564
HDHD1	NCBIGene:8226
HDX	NCBIGene:139324
HEATR1	NCBIGene:55127
HEATR5A	NCBIGene:25938
HECW1	NCBIGene:23072
HELQ	NCBIGene:113510
HELZ	NCBIGene:9931
HEPH	NCBIGene:9843
HERC1	NCBIGene:8925
HERC2	NCBIGene:8924
HERC2P2	NCBIGene:400322
HERC3	NCBIGene:8916
HERC4	NCBIGene:26091
HES2	NCBIGene:54626
HEXA	NCBIGene:3073
HGC6.3	NCBIGene:100128124
HGS	NCBIGene:9146
HGSNAT	NCBIGene:138050
HHAT	NCBIGene:55733
HHIPL1	NCBIGene:84439
HIF3A	NCBIGene:64344
HIST1H1A	NCBIGene:3024
HIST1H2BL	NCBIGene:8340
HIST1H3H	NCBIGene:8357
HIST2H2AC	NCBIGene:8338
HIVEP2	NCBIGene:3097
HIVEP3	NCBIGene:59269
HKR1	NCBIGene:284459
HLA-B	NCBIGene:3106
HLA-C	NCBIGene:3107
HLA-DPB2	NCBIGene:3116
HLA-DQB2	NCBIGene:3120
HLAH	
HMCN1	NCBIGene:83872
HMGB3P1	NCBIGene:128872
HMGCR	NCBIGene:3156
HNRNPA0	NCBIGene:10949
HNRNPC	NCBIGene:3183
HNRNPF	NCBIGene:3185
HNRNPH1	NCBIGene:3187
HNRNPH2	NCBIGene:3188
HOMEZ	NCBIGene:57594
HOOK3	NCBIGene:84376
HORMAD2	NCBIGene:150280
HOXA11	NCBIGene:3207
HOXA7	NCBIGene:3204
HOXA-AS3	NCBIGene:100133311
HOXC9	NCBIGene:3225
HPS3	NCBIGene:84343
HPS6	NCBIGene:79803
HPX	NCBIGene:3263
HRIHFB2017	NCBIGene:55589
HS6ST1	NCBIGene:9394
HSD11B2	NCBIGene:3291
HSD17B10	NCBIGene:3028
HSD17B4	NCBIGene:3295
HSD3B2	NCBIGene:3284
HSD3B7	NCBIGene:80270
HSPA12B	NCBIGene:116835
HSPG2	NCBIGene:3339
HTN1	NCBIGene:3346
HTR2C	NCBIGene:3358
HTR4	NCBIGene:3360
HUNK	NCBIGene:30811
HUWE1	NCBIGene:10075
HVCN1	NCBIGene:84329
HYAL4	NCBIGene:23553
HYDIN	NCBIGene:54768
HYOU1	NCBIGene:10525
HYPM	NCBIGene:25763
IARS2	NCBIGene:55699
IBA57	NCBIGene:200205
ICAM4	NCBIGene:3386
IDI1	NCBIGene:3422
IDI2	NCBIGene:91734
IDI2-AS1	NCBIGene:55853
IDS	NCBIGene:3423
IFFO1	NCBIGene:25900
IFT140	NCBIGene:9742
IFT57	NCBIGene:55081
IFT81	NCBIGene:28981
IGDCC4	NCBIGene:57722
IGF1R	NCBIGene:3480
IGFBP1	NCBIGene:3484
IGHMBP2	NCBIGene:3508
IGSF1	NCBIGene:3547
IGSF22	NCBIGene:283284
IL17RC	NCBIGene:84818
IL17RE	NCBIGene:132014
IL23R	NCBIGene:149233
IL25	NCBIGene:64806
IL2RG	NCBIGene:3561
IL9R	NCBIGene:3581
IMMP2L	NCBIGene:83943
IMPAD1	NCBIGene:54928
INO80E	NCBIGene:283899
INPP1	NCBIGene:3628
INPP5E	NCBIGene:56623
INSC	NCBIGene:387755
INSR	NCBIGene:3643
INSRR	NCBIGene:3645
INTS1	NCBIGene:26173
INTS5	NCBIGene:80789
INTS8	NCBIGene:55656
IP6K3	NCBIGene:117283
IPO11	NCBIGene:51194
IPO7	NCBIGene:10527
IPO9-AS1	NCBIGene:100873949
IQSEC2	NCBIGene:23096
IRF5	NCBIGene:3663
IRS2	NCBIGene:8660
ISY1-RAB43	NCBIGene:100534599
ITGA10	NCBIGene:8515
ITGA2	NCBIGene:3673
ITGA9	NCBIGene:3680
ITGB7	NCBIGene:3695
ITIH1	NCBIGene:3697
ITIH3	NCBIGene:3699
ITIH5	NCBIGene:80760
ITPR1	NCBIGene:3708
ITPR2	NCBIGene:3709
IYD	NCBIGene:389434
IZUMO4	NCBIGene:113177
JAK2	NCBIGene:3717
JAKMIP2	NCBIGene:9832
JAKMIP3	NCBIGene:282973
JKAMP	NCBIGene:51528
JMJD8	NCBIGene:339123
JPH1	NCBIGene:56704
JPH4	NCBIGene:84502
JUP	NCBIGene:3728
KALRN	NCBIGene:8997
KANSL2	NCBIGene:54934
KATNBL1P6	NCBIGene:729176
KCNC4	NCBIGene:3749
KCND1	NCBIGene:3750
KCNH2	NCBIGene:3757
KCNH6	NCBIGene:81033
KCNH8	NCBIGene:131096
KCNMA1	NCBIGene:3778
KCNQ2	NCBIGene:3785
KCNT1	NCBIGene:57582
KCP	NCBIGene:375616
KCTD11	NCBIGene:147040
KCTD15	NCBIGene:79047
KDM3B	NCBIGene:51780
KDM5B	NCBIGene:10765
KDM5C	NCBIGene:8242
KDM6A	NCBIGene:7403
KDM6B	NCBIGene:23135
KDR	NCBIGene:3791
KDSR	NCBIGene:2531
KEL	NCBIGene:3792
KGFLP2	NCBIGene:654466
KIAA0368	NCBIGene:23392
KIAA0430	NCBIGene:9665
KIAA0564	NCBIGene:23078
KIAA0922	NCBIGene:23240
KIAA0931	
KIAA0947	NCBIGene:23379
KIAA1045	NCBIGene:23349
KIAA1210	NCBIGene:57481
KIAA1244	NCBIGene:57221
KIAA1409	NCBIGene:57578
KIAA1432	NCBIGene:57589
KIAA1456	NCBIGene:57604
KIAA1468	NCBIGene:57614
KIAA1524	NCBIGene:57650
KIAA1614	NCBIGene:57710
KIAA1644	NCBIGene:85352
KIAA1656	NCBIGene:85371
KIAA1671	NCBIGene:85379
KIAA1731	NCBIGene:85459
KIAA1984	NCBIGene:84960
KIAA2018	NCBIGene:205717
KIF13B	NCBIGene:23303
KIF14	NCBIGene:9928
KIF15	NCBIGene:56992
KIF27	NCBIGene:55582
KIF7	NCBIGene:374654
KLC3	NCBIGene:147700
KLC4	NCBIGene:89953
KLF8	NCBIGene:11279
KLHL21	NCBIGene:9903
KLK15	NCBIGene:55554
KMT2B	NCBIGene:9757
KPNA3	NCBIGene:3839
KRT14	NCBIGene:3861
KRT18	NCBIGene:3875
KRT34	NCBIGene:3885
KRT72	NCBIGene:140807
KRT73	NCBIGene:319101
KRT84	NCBIGene:3890
KRT85	NCBIGene:3891
KRTAP13-1	NCBIGene:140258
KRTAP22-2	NCBIGene:100288287
KRTAP5-1	NCBIGene:387264
KRTAP6-3	NCBIGene:337968
KTN1	NCBIGene:3895
KY	NCBIGene:339855
L2HGDH	NCBIGene:79944
L3MBTL1	NCBIGene:26013
L3MBTL4	NCBIGene:91133
LAMA2	NCBIGene:3908
LAMA3	NCBIGene:3909
LAMA5	NCBIGene:3911
LAMB3	NCBIGene:3914
LAMC3	NCBIGene:10319
LARP4B	NCBIGene:23185
LARS2	NCBIGene:23395
LCMT1	NCBIGene:51451
LCMT2	NCBIGene:9836
LCNL1	NCBIGene:401562
LDB3	NCBIGene:11155
LDLRAD3	NCBIGene:143458
LEFTY1	NCBIGene:10637
LEPREL1	NCBIGene:55214
LFNG	NCBIGene:3955
LILRB1	NCBIGene:10859
LIMD2	NCBIGene:80774
LIN9	NCBIGene:286826
LINC00086	NCBIGene:399668
LINC00483	NCBIGene:55018
LINC00615	NCBIGene:439916
LIX1	NCBIGene:167410
LMF2	NCBIGene:91289
LOC100128164	NCBIGene:100128164
LOC100129361	
LOC100129636	NCBIGene:100129636
LOC100130451	NCBIGene:100130451
LOC100233156	NCBIGene:100233156
LOC100272216	
LOC100287944	NCBIGene:100287944
LOC100289580	NCBIGene:100289580
LOC100507346	NCBIGene:100507346
LOC116437	
LOC157381	
LOC161527	
LOC284379	NCBIGene:284379
LOC285692	NCBIGene:285692
LOC285819	NCBIGene:285819
LOC389791	
LOC389834	NCBIGene:389834
LOC399753	
LOC440295	
LOC642929	NCBIGene:642929
LOC643406	NCBIGene:643406
LOC644669	NCBIGene:644669
LOC646214	NCBIGene:646214
LOC654841	NCBIGene:654841
LOC728554	NCBIGene:728554
LOC728989	NCBIGene:728989
LOC729737	NCBIGene:729737
LOXL1	NCBIGene:4016
LOXL4	NCBIGene:84171
LPA	NCBIGene:4018
LPAL2	NCBIGene:80350
LPIN2	NCBIGene:9663
LPPR2	NCBIGene:64748
LRBA	NCBIGene:987
LRCH1	NCBIGene:23143
LRCH3	NCBIGene:84859
LRP2	NCBIGene:4036
LRP3	NCBIGene:4037
LRRC20	NCBIGene:55222
LRRC23	NCBIGene:10233
LRRC29	NCBIGene:26231
LRRC37B	NCBIGene:114659
LRRC46	NCBIGene:90506
LRRC4C	NCBIGene:57689
LRRC71	NCBIGene:149499
LRRC8A	NCBIGene:56262
LRRIQ1	NCBIGene:84125
LRRK2	NCBIGene:120892
LSAMP	NCBIGene:4045
LSM4	NCBIGene:25804
LTA4H	NCBIGene:4048
LTBP3	NCBIGene:4054
LUZP4	NCBIGene:51213
LY6G6E	NCBIGene:79136
LY6G6F	NCBIGene:259215
LYPLA1	NCBIGene:10434
LYST	NCBIGene:1130
LYZL1	NCBIGene:84569
MACF1	NCBIGene:23499
MACROD2	NCBIGene:140733
MADD	NCBIGene:8567
MAFG	NCBIGene:4097
MAGEA4	NCBIGene:4103
MAGEA8	NCBIGene:4107
MAGEB6	NCBIGene:158809
MAGEC1	NCBIGene:9947
MAGEC2	NCBIGene:51438
MAGI2	NCBIGene:9863
MAGI3	NCBIGene:260425
MAGIX	NCBIGene:79917
MAMDC4	NCBIGene:158056
MAML1	NCBIGene:9794
MAML2	NCBIGene:84441
MAN1A2	NCBIGene:10905
MAN1B1	NCBIGene:11253
MAN2B2	NCBIGene:23324
MAOB	NCBIGene:4129
MAP1A	NCBIGene:4130
MAP2K3	NCBIGene:5606
MAP2K5	NCBIGene:5607
MAP3K3	NCBIGene:4215
MAP3K4	NCBIGene:4216
MAP3K5	NCBIGene:4217
MAP4K2	NCBIGene:5871
MAP4K5	NCBIGene:11183
MAP7D3	NCBIGene:79649
MAPK1IP1L	NCBIGene:93487
MAPKAPK3	NCBIGene:7867
MAPT	NCBIGene:4137
MAPT-AS1	NCBIGene:100128977
MARCO	NCBIGene:8685
MARK2	NCBIGene:2011
MASP2	NCBIGene:10747
MAST3	NCBIGene:23031
MAST4	NCBIGene:375449
MB21D1	NCBIGene:115004
MBNL1	NCBIGene:4154
MBOAT1	NCBIGene:154141
MC1R	NCBIGene:4157
MC4R	NCBIGene:4160
MCAM	NCBIGene:4162
MCC	NCBIGene:4163
MCF2	NCBIGene:4168
MCF2L	NCBIGene:23263
MCHR1	NCBIGene:2847
MCM3AP	NCBIGene:8888
MCM3AP-AS1	NCBIGene:114044
MCM9	NCBIGene:254394
MCPH1	NCBIGene:79648
MCTP2	NCBIGene:55784
MDC1	NCBIGene:9656
MDM4	NCBIGene:4194
MECP2	NCBIGene:4204
MED1	NCBIGene:5469
MED22	NCBIGene:6837
MED28	NCBIGene:80306
MEIS2	NCBIGene:4212
MEIS3	NCBIGene:56917
MEN1	NCBIGene:4221
MEOX2	NCBIGene:4223
MEP1B	NCBIGene:4225
METTL1	NCBIGene:4234
METTL21A	NCBIGene:151194
METTL5	NCBIGene:29081
METTL9	NCBIGene:51108
MFSD1	NCBIGene:64747
MFSD10	NCBIGene:10227
MGA	NCBIGene:23269
MGAM	NCBIGene:8972
MGAT5	NCBIGene:4249
MGC21881	
MGC2752	
MGC72080	NCBIGene:389538
MGRN1	NCBIGene:23295
MIA3	NCBIGene:375056
MICALL2	NCBIGene:79778
MID1	NCBIGene:4281
MIPEP	NCBIGene:4285
MIR106A	NCBIGene:406899
MIR1225	NCBIGene:100188847
MIR1231	NCBIGene:100302158
MIR1260B	NCBIGene:100422991
MIR18B	NCBIGene:574033
MIR1909	NCBIGene:100302210
MIR19B2	NCBIGene:406981
MIR20B	NCBIGene:574032
MIR210	NCBIGene:406992
MIR210HG	NCBIGene:100506211
MIR223	NCBIGene:407008
MIR300	NCBIGene:100126297
MIR328	NCBIGene:442901
MIR33A	NCBIGene:407039
MIR363	NCBIGene:574031
MIR376A1	NCBIGene:494325
MIR376B	NCBIGene:574435
MIR4260	NCBIGene:100422894
MIR4722	NCBIGene:100616167
MIR5191	NCBIGene:100847050
MIR548F1	NCBIGene:100302192
MIR548G	NCBIGene:100313938
MIR548N	NCBIGene:100302152
MIR654	NCBIGene:724024
MIR662	NCBIGene:724032
MIR6819	NCBIGene:102465491
MIR92A2	NCBIGene:407049
MKI67	NCBIGene:4288
MLC1	NCBIGene:23209
MLLT4	NCBIGene:4301
MLLT6	NCBIGene:4302
MMP10	NCBIGene:4319
MMP11	NCBIGene:4320
MMP28	NCBIGene:79148
MNS1	NCBIGene:55329
MNT	NCBIGene:4335
MOBP	NCBIGene:4336
MON2	NCBIGene:23041
MORC2	NCBIGene:22880
MORC4	NCBIGene:79710
MORF4L2	NCBIGene:9643
MOSPD2	NCBIGene:158747
MOV10L1	NCBIGene:54456
MPDZ	NCBIGene:8777
MPHOSPH9	NCBIGene:10198
MPP2	NCBIGene:4355
MPP5	NCBIGene:64398
MRE11A	NCBIGene:4361
MRGPRX2	NCBIGene:117194
MRO	NCBIGene:83876
MRPL10	NCBIGene:124995
MRPL24	NCBIGene:79590
MRPS5	NCBIGene:64969
MSC	NCBIGene:9242
MSH6	NCBIGene:2956
MSL3	NCBIGene:10943
MSLN	NCBIGene:10232
MST1P2	NCBIGene:11209
MST1R	NCBIGene:4486
MT1DP	NCBIGene:326343
MT1F	NCBIGene:4494
MTA1	NCBIGene:9112
MTA3	NCBIGene:57504
MTCP1	NCBIGene:4515
MTF2	NCBIGene:22823
MTHFR	NCBIGene:4524
MTHFSD	NCBIGene:64779
MTM1	NCBIGene:4534
MTMR10	NCBIGene:54893
MTMR3	NCBIGene:8897
MTNR1A	NCBIGene:4543
MTNR1B	NCBIGene:4544
MTPAP	NCBIGene:55149
MTR	NCBIGene:4548
MTTP	NCBIGene:4547
MTUS1	NCBIGene:57509
MUC12	NCBIGene:10071
MUC16	NCBIGene:94025
MUC17	NCBIGene:140453
MUC2	NCBIGene:4583
MUC4	NCBIGene:4585
MUC5B	NCBIGene:727897
MUC6	NCBIGene:4588
MUS81	NCBIGene:80198
MVP	NCBIGene:9961
MYBBP1A	NCBIGene:10514
MYBPC2	NCBIGene:4606
MYBPC3	NCBIGene:4607
MYH1	NCBIGene:4619
MYH16	NCBIGene:84176
MYH7B	NCBIGene:57644
MYH9	NCBIGene:4627
MYLK	NCBIGene:4638
MYO10	NCBIGene:4651
MYO15A	NCBIGene:51168
MYO15B	NCBIGene:80022
MYO16	NCBIGene:23026
MYO18B	NCBIGene:84700
MYO1C	NCBIGene:4641
MYO1E	NCBIGene:4643
MYO1F	NCBIGene:4542
MYO5A	NCBIGene:4644
MYO5B	NCBIGene:4645
MYO9A	NCBIGene:4649
MYOF	NCBIGene:26509
MYOM2	NCBIGene:9172
MYOM3	NCBIGene:127294
MYZAP	NCBIGene:100820829
NANOG	NCBIGene:79923
NAPB	NCBIGene:63908
NAT8B	NCBIGene:51471
NAV1	NCBIGene:89796
NAV2	NCBIGene:89797
NBEAL2	NCBIGene:23218
NBN	NCBIGene:4683
NBPF1	NCBIGene:55672
NBPF10	NCBIGene:100132406
NBPF12	NCBIGene:149013
NBPF14	NCBIGene:25832
NBPF15	NCBIGene:284565
NBPF20	NCBIGene:100288142
NBPF25P	NCBIGene:101929780
NBPF3	NCBIGene:84224
NBPF7	NCBIGene:343505
NBPF8	NCBIGene:728841
NBPF9	NCBIGene:400818
NCAM1	NCBIGene:4684
NCAPD3	NCBIGene:23310
NCKAP5	NCBIGene:344148
NCOA3	NCBIGene:8202
NCOA4	NCBIGene:8031
NCOR2	NCBIGene:9612
NCS1	NCBIGene:23413
NDC80	NCBIGene:10403
NDOR1	NCBIGene:27158
NDRG2	NCBIGene:57447
NDRG3	NCBIGene:57446
NDUFA1	NCBIGene:4694
NEAT1	NCBIGene:283131
NEB	NCBIGene:4703
NEIL1	NCBIGene:79661
NEK10	NCBIGene:152110
NEK4	NCBIGene:6787
NEK9	NCBIGene:91754
NEU4	NCBIGene:129807
NEURL4	NCBIGene:84461
NF2	NCBIGene:4771
NFASC	NCBIGene:23114
NFKBID	NCBIGene:84807
NFKBIL1	NCBIGene:4795
NFS1	NCBIGene:9054
NFX1	NCBIGene:4799
NFXL1	NCBIGene:152518
NGRN	NCBIGene:51335
NHLRC2	NCBIGene:374354
NID1	NCBIGene:4811
NID2	NCBIGene:22795
NIN	NCBIGene:51199
NIPSNAP1	NCBIGene:8508
NKIRAS2	NCBIGene:28511
NKTR	NCBIGene:4820
NLGN2	NCBIGene:57555
NLGN4X	NCBIGene:57502
NLGN4Y	NCBIGene:22829
NLK	NCBIGene:51701
NLRC5	NCBIGene:84166
NLRP2	NCBIGene:55655
NLRP7	NCBIGene:199713
NMD3	NCBIGene:51068
NNT	NCBIGene:23530
NOB1	NCBIGene:28987
NOC4L	NCBIGene:79050
NOD1	NCBIGene:10392
NOS1	NCBIGene:4842
NOTCH1	NCBIGene:4851
NOTCH2NL	NCBIGene:388677
NOTCH4	NCBIGene:4855
NOX1	NCBIGene:27035
NOXA1	NCBIGene:10811
NPAS2	NCBIGene:4862
NPAS4	NCBIGene:266743
NPC2	NCBIGene:10577
NPDC1	NCBIGene:56654
NPHP3	NCBIGene:27031
NPHS1	NCBIGene:4868
NPHS2	NCBIGene:7827
NPIPL1	
NPL	NCBIGene:80896
NPSR1	NCBIGene:387129
NR0B1	NCBIGene:190
NR1D2	NCBIGene:9975
NR1I3	NCBIGene:9970
NR4A1	NCBIGene:3164
NRAP	NCBIGene:4892
NRG3	NCBIGene:10718
NRM	NCBIGene:11270
NT5C3B	NCBIGene:115024
NT5DC1	NCBIGene:221294
NTRK1	NCBIGene:4914
NUBPL	NCBIGene:80224
NUCKS1	NCBIGene:64710
NUFIP2	NCBIGene:57532
NUP133	NCBIGene:55746
NUP155	NCBIGene:9631
NUP188	NCBIGene:23511
NUP205	NCBIGene:23165
NUP210	NCBIGene:23225
NUP210L	NCBIGene:91181
NUP50	NCBIGene:10762
NUP88	NCBIGene:4927
NUPL1	NCBIGene:9818
NUPR1	NCBIGene:26471
NXPH1	NCBIGene:30010
NYNRIN	NCBIGene:57523
NYX	NCBIGene:60506
OAS3	NCBIGene:4940
OBFC2A	NCBIGene:64859
OBSCN	NCBIGene:84033
OCM	NCBIGene:654231
OCRL	NCBIGene:4952
ODZ4	NCBIGene:26011
OLIG3	NCBIGene:167826
OOEP	NCBIGene:441161
OPA3	NCBIGene:80207
OPN3	NCBIGene:23596
OPN4	NCBIGene:94233
OPN5	NCBIGene:221391
OPRL1	NCBIGene:4987
OR11H12	NCBIGene:440153
OR1J1	NCBIGene:347168
OR2D3	NCBIGene:120775
OR2L2	NCBIGene:26246
OR2T35	NCBIGene:403244
OR4C16	NCBIGene:219428
OR4N2	NCBIGene:390429
OR51A2	NCBIGene:401667
OR5F1	NCBIGene:338674
OR5T3	NCBIGene:390154
OR7E5P	NCBIGene:219445
ORAI2	NCBIGene:80228
ORC4	NCBIGene:5000
OSBP2	NCBIGene:23762
OSBPL1A	NCBIGene:114876
OSBPL2	NCBIGene:9885
OSGEPL1	NCBIGene:64172
OTOA	NCBIGene:146183
OTUB1	NCBIGene:55611
OTUD3	NCBIGene:23252
OXGR1	NCBIGene:27199
OXR1	NCBIGene:55074
P2RY1	NCBIGene:5028
P2RY4	NCBIGene:5030
P2RY6	NCBIGene:5031
PABPC1L2B	NCBIGene:645974
PABPC4	NCBIGene:8761
PADI2	NCBIGene:11240
PADI3	NCBIGene:51702
PADI6	NCBIGene:353238
PAF1	NCBIGene:54623
PAFAH1B3	NCBIGene:5050
PAGE5	NCBIGene:90737
PAK2	NCBIGene:5062
PAK6	NCBIGene:56924
PAK7	NCBIGene:57144
PALB2	NCBIGene:79728
PALLD	NCBIGene:23022
PANK4	NCBIGene:55229
PAPD5	NCBIGene:64282
PAPLN	NCBIGene:89932
PAPOLA	NCBIGene:10914
PAR1	NCBIGene:8856
PARG	NCBIGene:8505
PARVA	NCBIGene:55742
PASK	NCBIGene:23178
PAWR	NCBIGene:5074
PBDC1	NCBIGene:51260
PCDH11X	NCBIGene:27328
PCDH15	NCBIGene:65217
PCDH17	NCBIGene:27253
PCDHA10	NCBIGene:56139
PCDHB3	NCBIGene:56132
PCDHB7	NCBIGene:56129
PCK1	NCBIGene:5105
PCNT	NCBIGene:5116
PCNXL2	NCBIGene:80003
PCSK1N	NCBIGene:27344
PCSK5	NCBIGene:5125
PCYT2	NCBIGene:5833
PDE10A	NCBIGene:10846
PDE11A	NCBIGene:50940
PDE12	NCBIGene:201626
PDE1A	NCBIGene:5136
PDE2A	NCBIGene:5138
PDE3A	NCBIGene:5139
PDE4B	NCBIGene:5142
PDE4DIP	NCBIGene:9659
PDE6C	NCBIGene:5146
PDGFB	NCBIGene:5155
PDGFRA	NCBIGene:5156
PDHX	NCBIGene:8050
PDIA2	NCBIGene:64714
PDILT	NCBIGene:204474
PDK3	NCBIGene:5165
PDPK1	NCBIGene:5170
PDS5B	NCBIGene:23047
PDZD2	NCBIGene:23037
PEPD	NCBIGene:5184
PEX11B	NCBIGene:8799
PEX13	NCBIGene:5194
PFAS	NCBIGene:5198
PFKFB1	NCBIGene:5207
PFKP	NCBIGene:5214
PGD	NCBIGene:5226
PGM5	NCBIGene:5239
PHACTR4	NCBIGene:65979
PHF11	NCBIGene:51131
PHF21A	NCBIGene:51317
PHF3	NCBIGene:23469
PHF5A	NCBIGene:84844
PHF6	NCBIGene:84295
PHKA2	NCBIGene:5256
PHLDB1	NCBIGene:23187
PHLDB2	NCBIGene:90102
PHLDB3	NCBIGene:653583
PHPT1	NCBIGene:29085
PI4K2B	NCBIGene:55300
PI4KAP1	NCBIGene:728233
PIAS2	NCBIGene:9063
PIBF1	NCBIGene:10464
PIDD	NCBIGene:55367
PIEZO1	NCBIGene:9780
PIEZO2	NCBIGene:63895
PIGB	NCBIGene:9488
PIGK	NCBIGene:10026
PIGN	NCBIGene:23556
PIGO	NCBIGene:84720
PIGT	NCBIGene:51604
PIH1D2	NCBIGene:120379
PIK3AP1	NCBIGene:118788
PIK3C2A	NCBIGene:5286
PIK3C2B	NCBIGene:5287
PIK3C2G	NCBIGene:5288
PIK3R1	NCBIGene:5295
PIKFYVE	NCBIGene:200576
PIN4	NCBIGene:5303
PITPNM1	NCBIGene:9600
PITPNM2	NCBIGene:57605
PITRM1	NCBIGene:10531
PITRM1-AS1	NCBIGene:100507034
PIWIL1	NCBIGene:9271
PKD1	NCBIGene:5310
PKD1L2	NCBIGene:114780
PKD1L3	NCBIGene:342372
PKHD1	NCBIGene:5314
PKHD1L1	NCBIGene:93035
PLA2G4A	NCBIGene:5321
PLA2G4F	NCBIGene:255189
PLAT	NCBIGene:5327
PLB1	NCBIGene:151056
PLBD2	NCBIGene:196463
PLD2	NCBIGene:5338
PLEC	NCBIGene:5339
PLEKHA4	NCBIGene:57664
PLEKHA5	NCBIGene:54477
PLEKHG4B	NCBIGene:153478
PLEKHG7	NCBIGene:440107
PLEKHH2	NCBIGene:130271
PLEKHH3	NCBIGene:79990
PLEKHM2	NCBIGene:23207
PLEKHN1	NCBIGene:84069
PLIN4	NCBIGene:729359
PLK5	NCBIGene:126520
PLXNA4	NCBIGene:91584
PLXNB2	NCBIGene:23654
PLXNB3	NCBIGene:5365
PMF1	NCBIGene:11243
PMF1-BGLAP	NCBIGene:100527963
PMFBP1	NCBIGene:83449
PMPCA	NCBIGene:23203
PMS2	NCBIGene:5395
PNCK	NCBIGene:139728
PNLDC1	NCBIGene:154197
PNMA5	NCBIGene:114824
PNMAL1	NCBIGene:55228
PNO1	NCBIGene:56902
PNPLA4	NCBIGene:8228
PNPLA7	NCBIGene:375775
POC1A	NCBIGene:25886
PODXL	NCBIGene:5420
POF1B	NCBIGene:79983
POLA1	NCBIGene:5422
POLQ	NCBIGene:10721
POLR2E	NCBIGene:5434
POLR2J3	NCBIGene:548644
POLR3A	NCBIGene:11128
POLR3E	NCBIGene:55718
POM121C	NCBIGene:100101267
POM121L7	NCBIGene:728418
POMT1	NCBIGene:10585
POT1	NCBIGene:25913
POTEB	NCBIGene:100996331
POTEB2	NCBIGene:100287399
POTED	NCBIGene:317754
POTEE	NCBIGene:445582
POTEH	NCBIGene:23784
PPFIBP1	NCBIGene:8496
PPIAL4B	NCBIGene:653505
PPIAL4C	NCBIGene:653598
PPM1E	NCBIGene:22843
PPP1CC	NCBIGene:5501
PPP1R12A	NCBIGene:4659
PPP1R18	NCBIGene:170954
PPP1R3A	NCBIGene:5506
PPP2R1B	NCBIGene:5519
PPP2R2D	NCBIGene:55844
PPP2R3C	NCBIGene:55012
PPWD1	NCBIGene:23398
PQLC1	NCBIGene:80148
PRAME	NCBIGene:23532
PRB3	NCBIGene:5544
PRB4	NCBIGene:5545
PRDM1	NCBIGene:639
PRDM10	NCBIGene:56980
PRDM15	NCBIGene:63977
PRDM16	NCBIGene:63976
PRDM6	NCBIGene:93166
PRG4	NCBIGene:10216
PRH1	NCBIGene:5554
PRH1-PRR4	NCBIGene:100533464
PRHOXNB	NCBIGene:646625
PRKCA	NCBIGene:5578
PRKCE	NCBIGene:5581
PRKCH	NCBIGene:5583
PRKCI	NCBIGene:5584
PRKG2	NCBIGene:5593
PRLHR	NCBIGene:2834
PRPF6	NCBIGene:24148
PRPF8	NCBIGene:10594
PRR12	NCBIGene:57479
PRR22	NCBIGene:163154
PRR5-ARHGAP8	NCBIGene:553158
PRRC1	NCBIGene:133619
PRRC2A	NCBIGene:7916
PRSS1	NCBIGene:5644
PRSS21	NCBIGene:10942
PRSS55	NCBIGene:203074
PRTG	NCBIGene:283659
PSD3	NCBIGene:23362
PSEN2	NCBIGene:5664
PSG1	NCBIGene:5669
PSG4	NCBIGene:5672
PSG6	NCBIGene:5675
PSMD7	NCBIGene:5713
PSTPIP1	NCBIGene:9051
PTCH1	NCBIGene:5727
PTCHD1	NCBIGene:139411
PTCHD2	NCBIGene:57540
PTCHD3	NCBIGene:374308
PTGFRN	NCBIGene:5738
PTGIR	NCBIGene:5739
PTGS1	NCBIGene:5742
PTK6	NCBIGene:5753
PTK7	NCBIGene:5754
PTPLAD1	NCBIGene:51495
PTPRB	NCBIGene:5787
PTPRC	NCBIGene:5788
PTPRD	NCBIGene:5789
PTPRE	NCBIGene:5791
PTPRK	NCBIGene:5796
PTPRN2	NCBIGene:5799
PTPRO	NCBIGene:5800
PTPRQ	NCBIGene:374462
PTPRS	NCBIGene:5802
PTPRVP	NCBIGene:148713
PTPRZ1	NCBIGene:5803
PUM1	NCBIGene:9698
PXDN	NCBIGene:7837
PXDNL	NCBIGene:137902
PXT1	NCBIGene:222659
PYCR2	NCBIGene:29920
PYGM	NCBIGene:5837
RAB10	NCBIGene:10890
RAB11FIP3	NCBIGene:9727
RAB12	NCBIGene:201475
RAB42	NCBIGene:115273
RAB43	NCBIGene:339122
RABEP1	NCBIGene:9135
RABGAP1	NCBIGene:23637
RABL2B	NCBIGene:11158
RAD1	NCBIGene:5810
RAD51D	NCBIGene:5892
RAI14	NCBIGene:26064
RALGAPA1	NCBIGene:253959
RALGAPA2	NCBIGene:57186
RALGDS	NCBIGene:5900
RALGPS1	NCBIGene:9649
RALY	NCBIGene:22913
RANBP3	NCBIGene:8498
RARS	NCBIGene:5917
RASA3	NCBIGene:22821
RASA4	NCBIGene:10156
RASGRF1	NCBIGene:5923
RASGRP2	NCBIGene:10235
RASIP1	NCBIGene:54922
RASL10A	NCBIGene:10633
RASSF7	NCBIGene:8045
RBBP8	NCBIGene:5932
RBFOX2	NCBIGene:23543
RBFOX3	NCBIGene:146713
RBL1	NCBIGene:5933
RBL2	NCBIGene:5934
RBM26	NCBIGene:64062
RBM34	NCBIGene:23029
RBM39	NCBIGene:9584
RBMS2	NCBIGene:5939
RC3H1	NCBIGene:149041
RC3H2	NCBIGene:54542
RCAN3	NCBIGene:11123
RCOR1	NCBIGene:23186
RD3	NCBIGene:343035
RECQL5	NCBIGene:9400
REEP4	NCBIGene:80346
REG1P	
REG4	NCBIGene:83998
RENBP	NCBIGene:5973
REV3L	NCBIGene:5980
REXO1	NCBIGene:57455
RFC1	NCBIGene:5981
RFFL	NCBIGene:117584
RFPL4A	NCBIGene:342931
RFWD3	NCBIGene:55159
RFX2	NCBIGene:5990
RFX4	NCBIGene:5992
RFX7	NCBIGene:64864
RGP1	NCBIGene:9827
RGPD5	NCBIGene:84220
RGPD8	NCBIGene:727851
RGS12	NCBIGene:6002
RGS7	NCBIGene:6000
RGSL1	NCBIGene:353299
RHBDF2	NCBIGene:79651
RHBDL1	NCBIGene:9028
RHD	NCBIGene:6007
RHPN1	NCBIGene:114822
RIBC1	NCBIGene:158787
RICTOR	NCBIGene:253260
RIF1	NCBIGene:55183
RILP	NCBIGene:83547
RIMBP2	NCBIGene:23504
RIMS1	NCBIGene:22999
RIPK4	NCBIGene:54101
RMND5A	NCBIGene:64795
RNF103-CHMP3	NCBIGene:100526767
RNF113A	NCBIGene:7737
RNF152	NCBIGene:220441
RNF166	NCBIGene:115992
RNF207	NCBIGene:388591
RNF213	NCBIGene:57674
RNF215	NCBIGene:200312
RNF217	NCBIGene:154214
RNF41	NCBIGene:10193
RNMT	NCBIGene:8731
RNPEPL1	NCBIGene:57140
RNU6-66P	NCBIGene:100873770
RNU86	NCBIGene:116936
RP9	NCBIGene:6100
RPGRIP1	NCBIGene:57096
RPL10A	NCBIGene:4736
RPL13	NCBIGene:6137
RPL3	NCBIGene:6122
RPN2	NCBIGene:6185
RPS20	NCBIGene:6224
RPS6KA3	NCBIGene:6197
RPS6KA4	NCBIGene:8986
RPS6KA5	NCBIGene:9252
RPS6KA6	NCBIGene:27330
RPSA	NCBIGene:3921
RPTOR	NCBIGene:57521
RRBP1	NCBIGene:6238
RREB1	NCBIGene:6239
RRH	NCBIGene:10692
RS1	NCBIGene:6247
RSBN1	NCBIGene:54665
RSPH1	NCBIGene:89765
RSPH3	NCBIGene:83861
RSPH4A	NCBIGene:345895
RTN3	NCBIGene:10313
RTTN	NCBIGene:25914
RXFP1	NCBIGene:59350
RYBP	NCBIGene:23429
RYK	NCBIGene:6259
RYR2	NCBIGene:6262
RYR3	NCBIGene:6263
SACS	NCBIGene:26278
SAGE1	NCBIGene:55511
SAP130	NCBIGene:79595
SARDH	NCBIGene:1757
SAV1	NCBIGene:60485
SBF1P1	NCBIGene:100133234
SBF2	NCBIGene:81846
SBNO2	NCBIGene:22904
SCAF11	NCBIGene:9169
SCAF4	NCBIGene:57466
SCAF8	NCBIGene:22828
SCAI	NCBIGene:286205
SCAMP3	NCBIGene:10067
SCAMP5	NCBIGene:192683
SCAND2	
SCAPER	NCBIGene:49855
SCARA3	NCBIGene:51435
SCARF1	NCBIGene:8578
SCARNA23	NCBIGene:677773
SCARNA9	NCBIGene:619383
SCARNA9L	NCBIGene:100158262
SCCPDH	NCBIGene:51097
SCIN	NCBIGene:85477
SCN3A	NCBIGene:6328
SCN3B	NCBIGene:55800
SCNN1A	NCBIGene:6337
SCRN2	NCBIGene:90507
SCYL1	NCBIGene:57410
SCYL2	NCBIGene:55681
SDHA	NCBIGene:6389
SDHB	NCBIGene:6390
SDK1	NCBIGene:221935
SDK2	NCBIGene:54549
SDPR	NCBIGene:8436
SEC13	NCBIGene:6396
SEC14L1	NCBIGene:6397
SEC14L2	NCBIGene:23541
SEC14L5	NCBIGene:9717
SEC16A	NCBIGene:9919
SEC24B	NCBIGene:10427
SEC24C	NCBIGene:9632
SECTM1	NCBIGene:6398
SEL1L	NCBIGene:6400
SELO	NCBIGene:83642
SELRC1	NCBIGene:65260
SEMA6A	NCBIGene:57556
SEMA6D	NCBIGene:80031
SENP3	NCBIGene:26168
SENP3-EIF4A1	NCBIGene:100533955
SENP5	NCBIGene:205564
SENP7	NCBIGene:57337
SENP8	NCBIGene:123228
SEPT9	NCBIGene:10801
SEPX1	NCBIGene:51734
SERPINA1	NCBIGene:5265
SERPINB11	NCBIGene:89778
SETD5	NCBIGene:55209
SETX	NCBIGene:23064
SEZ6L2	NCBIGene:26470
SF3B3	NCBIGene:23450
SFTA3	NCBIGene:253970
SFTPA1	NCBIGene:653509
SFXN1	NCBIGene:94081
SGCZ	NCBIGene:137868
SGSM3	NCBIGene:27352
SH2D2A	NCBIGene:9047
SH3D19	NCBIGene:152503
SH3GL1P1	NCBIGene:6458
SH3RF3	NCBIGene:344558
SH3TC1	NCBIGene:54436
SH3TC2	NCBIGene:79628
SHANK2	NCBIGene:22941
SHANK3	NCBIGene:85358
SHISA8	NCBIGene:440829
SHPRH	NCBIGene:257218
SHROOM2	NCBIGene:357
SIK2	NCBIGene:23235
SIK3	NCBIGene:23387
SIPA1L3	NCBIGene:23094
SIRPB2	NCBIGene:284759
SIRT7	NCBIGene:51547
SKA1	NCBIGene:220134
SKIV2L	NCBIGene:6499
SLC10A2	NCBIGene:6555
SLC12A2	NCBIGene:6558
SLC12A3	NCBIGene:6559
SLC13A3	NCBIGene:64849
SLC14A2	NCBIGene:8170
SLC18A1	NCBIGene:6570
SLC19A1	NCBIGene:6573
SLC22A10	NCBIGene:387775
SLC22A14	NCBIGene:9389
SLC24A4	NCBIGene:123041
SLC25A23	NCBIGene:79085
SLC25A24	NCBIGene:29957
SLC25A3	NCBIGene:5250
SLC25A44	NCBIGene:9673
SLC26A4	NCBIGene:5172
SLC26A9	NCBIGene:115019
SLC27A2	NCBIGene:11001
SLC2A2	NCBIGene:6514
SLC2A3	NCBIGene:6515
SLC2A4	NCBIGene:6517
SLC34A3	NCBIGene:142680
SLC35E2B	NCBIGene:728661
SLC38A10	NCBIGene:124565
SLC38A6	NCBIGene:145389
SLC39A13	NCBIGene:91252
SLC3A2	NCBIGene:6520
SLC41A2	NCBIGene:84102
SLC43A2	NCBIGene:124935
SLC4A10	NCBIGene:57282
SLC4A7	NCBIGene:9497
SLC6A2	NCBIGene:6530
SLC6A5	NCBIGene:9152
SLC6A6	NCBIGene:6533
SLC7A10	NCBIGene:56301
SLC7A2	NCBIGene:6542
SLC9A1	NCBIGene:6548
SLC9A3R1	NCBIGene:9368
SLCO1B3	NCBIGene:28234
SLCO1B7	NCBIGene:338821
SLCO1C1	NCBIGene:53919
SLCO5A1	NCBIGene:81796
SLFNL1	NCBIGene:200172
SLFNL1-AS1	NCBIGene:100507178
SLIT1	NCBIGene:6585
SLITRK3	NCBIGene:22865
SLPI	NCBIGene:6590
SMAD6	NCBIGene:4091
SMARCA2	NCBIGene:6595
SMARCA5	NCBIGene:8467
SMARCC1	NCBIGene:6599
SMC3	NCBIGene:9126
SMC4	NCBIGene:10051
SNAP25	NCBIGene:6616
SNAR-H	NCBIGene:100170221
SNHG1	NCBIGene:23642
SNORD114-6	NCBIGene:767582
SNORD22	NCBIGene:9304
SNORD25	NCBIGene:9303
SNORD26	NCBIGene:9302
SNORD27	NCBIGene:9301
SNORD28	NCBIGene:9300
SNORD29	NCBIGene:9297
SNORD30	NCBIGene:9299
SNORD31	NCBIGene:9298
SNORD43	NCBIGene:26807
SNORD54	NCBIGene:26795
SNORD83A	NCBIGene:116937
SNORD83B	NCBIGene:116938
SNORD90	NCBIGene:692206
SNRNP48	NCBIGene:154007
SNTG1	NCBIGene:54212
SNX10	NCBIGene:29887
SNX12	NCBIGene:29934
SNX13	NCBIGene:23161
SNX32	NCBIGene:254122
SOBP	NCBIGene:55084
SOD1	NCBIGene:6647
SORBS1	NCBIGene:10580
SORL1	NCBIGene:6653
SORT1	NCBIGene:6272
SOS1	NCBIGene:6654
SOX30	NCBIGene:11063
SOX6	NCBIGene:55553
SP1	NCBIGene:6667
SPAG9	NCBIGene:9043
SPAM1	NCBIGene:6677
SPANXN4	NCBIGene:441525
SPDYE2L	NCBIGene:100310812
SPDYE6	NCBIGene:729597
SPECC1L	NCBIGene:23384
SPEG	NCBIGene:10290
SPEN	NCBIGene:23013
SPIN3	NCBIGene:169981
SPN	NCBIGene:6693
SPON1	NCBIGene:10418
SPPL2B	NCBIGene:56928
SPPL2C	NCBIGene:162540
SPPL3	NCBIGene:121665
SPRY4	NCBIGene:81848
SPTAN1	NCBIGene:6709
SPTBN1	NCBIGene:6711
SREBF2	NCBIGene:6721
SRGAP1	NCBIGene:57522
SRRM2	NCBIGene:23524
SRRM2-AS1	NCBIGene:100128788
SRRM4	NCBIGene:84530
SRSF11	NCBIGene:9295
SRSF6	NCBIGene:6431
SSBP3	NCBIGene:23648
SSC5D	NCBIGene:284297
SSPO	NCBIGene:23145
SSX1	NCBIGene:6756
SSX5	NCBIGene:6758
SSX9	NCBIGene:280660
ST3GAL3	NCBIGene:6487
ST3GAL4	NCBIGene:6484
ST8SIA3	NCBIGene:51046
ST8SIA6	NCBIGene:338596
STAB2	NCBIGene:55576
STAG1	NCBIGene:10274
STAG3L2	NCBIGene:442582
STAP1	NCBIGene:26228
STARD13	NCBIGene:90627
STARD3	NCBIGene:10948
STARD7	NCBIGene:56910
STARD8	NCBIGene:9754
STIM1	NCBIGene:6786
STK35	NCBIGene:140901
STON1-GTF2A1L	NCBIGene:286749
STRN4	NCBIGene:29888
STS	NCBIGene:412
STUB1	NCBIGene:10273
STX3	NCBIGene:6809
STXBP2	NCBIGene:6813
STYXL1	NCBIGene:51657
SUCLA2	NCBIGene:8803
SUCLG2	NCBIGene:8801
SULT2B1	NCBIGene:6820
SULT6B1	NCBIGene:391365
SYK	NCBIGene:6850
SYNE1	NCBIGene:23345
SYNE2	NCBIGene:23224
SYNGR1	NCBIGene:9145
SYNJ2BP	NCBIGene:55333
SYNJ2BP-COX16	NCBIGene:100529257
SYNPO	NCBIGene:11346
SYPL2	NCBIGene:284612
SYT13	NCBIGene:57586
SYT16	NCBIGene:83851
SYTL4	NCBIGene:94121
TAF1	NCBIGene:6872
TAF11	NCBIGene:6882
TAF1C	NCBIGene:9013
TAF4B	NCBIGene:6875
TAF5	NCBIGene:6877
TAF6	NCBIGene:6878
TANC2	NCBIGene:26115
TAOK3	NCBIGene:51347
TASP1	NCBIGene:55617
TBC1D12	NCBIGene:23232
TBC1D14	NCBIGene:57533
TBC1D23	NCBIGene:55773
TBC1D25	NCBIGene:4943
TBC1D4	NCBIGene:9882
TBC1D8	NCBIGene:11138
TBCD	NCBIGene:6904
TBCE	NCBIGene:6905
TBK1	NCBIGene:29110
TBL1X	NCBIGene:6907
TBL1XR1	NCBIGene:79718
TBX18	NCBIGene:9096
TBX19	NCBIGene:9095
TBX3	NCBIGene:6926
TBX6	NCBIGene:6911
TBXAS1	NCBIGene:6916
TCEAL2	NCBIGene:140597
TCERG1L	NCBIGene:256536
TCF12	NCBIGene:6938
TCF25	NCBIGene:22980
TCHP	NCBIGene:84260
TCIRG1	NCBIGene:10312
TCN2	NCBIGene:6948
TCOF1	NCBIGene:6949
TCP10L2	NCBIGene:401285
TCTN1	NCBIGene:79600
TDG	NCBIGene:6996
TDRD6	NCBIGene:221400
TEAD3	NCBIGene:7005
TECRL	NCBIGene:253017
TECTA	NCBIGene:7007
TEKT3	NCBIGene:64518
TEKT4P2	NCBIGene:100132288
TELO2	NCBIGene:9894
TENM1	NCBIGene:10178
TENM4	NCBIGene:26011
TEX11	NCBIGene:56159
TEX15	NCBIGene:56154
TEX19	NCBIGene:400629
TEX9	NCBIGene:374618
TFCP2L1	NCBIGene:29842
TG	NCBIGene:7038
TGOLN2	NCBIGene:10618
TH1L	NCBIGene:51497
THADA	NCBIGene:63892
THAP8	NCBIGene:199745
THOC5	NCBIGene:8563
THSD4	NCBIGene:79875
THSD7B	NCBIGene:80731
TIAM1	NCBIGene:7074
TIAM2	NCBIGene:26230
TIGD7	NCBIGene:91151
TIMM23	NCBIGene:100287932
TIMM23B	NCBIGene:100652748
TJP2	NCBIGene:9414
TJP3	NCBIGene:27134
TKTL1	NCBIGene:8277
TLN2	NCBIGene:83660
TM4SF5	NCBIGene:9032
TM6SF2	NCBIGene:53345
TMC5	NCBIGene:79838
TMC7	NCBIGene:79905
TMEM106B	NCBIGene:54664
TMEM132A	NCBIGene:54972
TMEM14B	NCBIGene:81853
TMEM161B	NCBIGene:153396
TMEM185A	NCBIGene:84548
TMEM2	NCBIGene:23670
TMEM215	NCBIGene:401498
TMEM217	NCBIGene:221468
TMEM231	NCBIGene:79583
TMEM47	NCBIGene:83604
TMEM59	NCBIGene:9528
TMEM63A	NCBIGene:9725
TMEM87A	NCBIGene:25963
TMLHE	NCBIGene:55217
TMOD3	NCBIGene:29766
TMPRSS11E	NCBIGene:28983
TMPRSS13	NCBIGene:84000
TMPRSS15	NCBIGene:5651
TMTC4	NCBIGene:84899
TNFAIP1	NCBIGene:7126
TNFAIP2	NCBIGene:7127
TNFRSF18	NCBIGene:8784
TNFRSF1A	NCBIGene:7132
TNFRSF25	NCBIGene:8718
TNFRSF6B	NCBIGene:8771
TNFRSF8	NCBIGene:943
TNFSF12-TNFSF13	NCBIGene:407977
TNFSF13	NCBIGene:8741
TNNI2	NCBIGene:7136
TNNT2	NCBIGene:7139
TNPO1	NCBIGene:3842
TNPO2	NCBIGene:30000
TNRC6A	NCBIGene:27327
TNS3	NCBIGene:64759
TNXB	NCBIGene:7148
TOLLIP	NCBIGene:54472
TOM1L1	NCBIGene:10040
TOP2A	NCBIGene:7153
TOR2A	NCBIGene:27433
TPSB2	NCBIGene:64499
TPSG1	NCBIGene:25823
TPTE	NCBIGene:7179
TPTE2P3	NCBIGene:220115
TRAF3IP1	NCBIGene:26146
TRAFD1	NCBIGene:10906
TRAM1	NCBIGene:23471
TRAM2	NCBIGene:9697
TRAPPC1	NCBIGene:58485
TRAPPC9	NCBIGene:83696
TREH	NCBIGene:11181
TREML4	NCBIGene:285852
TREX1	NCBIGene:11277
TRHDE	NCBIGene:29953
TRIM10	NCBIGene:10107
TRIM35	NCBIGene:23087
TRIM40	NCBIGene:135644
TRIM49	NCBIGene:57093
TRIM49B	NCBIGene:283116
TRIM5	NCBIGene:85363
TRIM52	NCBIGene:84851
TRIM64B	NCBIGene:642446
TRIM65	NCBIGene:201292
TRIM66	NCBIGene:9866
TRIM74	NCBIGene:378108
TRIO	NCBIGene:7204
TRIP13	NCBIGene:9319
TRMU	NCBIGene:55687
TRNA_Asn	
TRNT1	NCBIGene:51095
TROAP	NCBIGene:10024
TRPC4AP	NCBIGene:26133
TRPM1	NCBIGene:4308
TRPM2	NCBIGene:7226
TRPM7	NCBIGene:54822
TRPV5	NCBIGene:56302
TRRAP	NCBIGene:8295
TSC2	NCBIGene:7249
TSPAN17	NCBIGene:26262
TSPO2	NCBIGene:222642
TTC16	NCBIGene:158248
TTC21A	NCBIGene:199223
TTC21B	NCBIGene:79809
TTC26	NCBIGene:79989
TTC28	NCBIGene:23331
TTC34	NCBIGene:100287898
TTC40	NCBIGene:54777
TTC9	NCBIGene:23508
TTC9B	NCBIGene:148014
TTF2	NCBIGene:8458
TTK	NCBIGene:7272
TTLL11	NCBIGene:158135
TTN	NCBIGene:7273
TTN-AS1	NCBIGene:100506866
TTR	NCBIGene:7276
TTYH2	NCBIGene:94015
TUBB3	NCBIGene:10381
TUBBP5	NCBIGene:643224
TUBG2	NCBIGene:27175
TUBGCP6	NCBIGene:85378
TXNDC11	NCBIGene:51061
TYR	NCBIGene:7299
UAP1	NCBIGene:6675
UBE2D4	NCBIGene:51619
UBE2O	NCBIGene:63893
UBE2Q2	NCBIGene:92912
UBE2V2	NCBIGene:7336
UBR4	NCBIGene:23352
UBR5	NCBIGene:51366
UBR7	NCBIGene:55148
UBTF	NCBIGene:7343
UBXN7	NCBIGene:26043
UCK1	NCBIGene:83549
UCP3	NCBIGene:7352
UGGT2	NCBIGene:55757
UGT1A4	NCBIGene:54657
UGT2A1	NCBIGene:10941
UGT2A2	NCBIGene:574537
UGT2B10	NCBIGene:7365
UGT8	NCBIGene:7368
ULK2	NCBIGene:9706
UMOD	NCBIGene:7369
UMODL1	NCBIGene:89766
UNC13B	NCBIGene:10497
UNC13C	NCBIGene:440279
UNC13D	NCBIGene:201294
UNC5CL	NCBIGene:222643
UNC79	NCBIGene:57578
UNC80	NCBIGene:285175
UPK3BL	NCBIGene:100134938
UPP1	NCBIGene:7378
UQCR11	NCBIGene:10975
USH2A	NCBIGene:7399
USP15	NCBIGene:9958
USP17	NCBIGene:377630
USP24	NCBIGene:23358
USP32P1	NCBIGene:162632
USP34	NCBIGene:9736
USP37	NCBIGene:57695
USP43	NCBIGene:124739
USP47	NCBIGene:55031
USP49	NCBIGene:25862
USP50	NCBIGene:373509
USP8	NCBIGene:9101
USPL1	NCBIGene:10208
UTP18	NCBIGene:51096
UTP3	NCBIGene:57050
VANGL1	NCBIGene:81839
VCX2	NCBIGene:51480
VDR	NCBIGene:7421
VEGFA	NCBIGene:7422
VHL	NCBIGene:7428
VMA21	NCBIGene:203547
VPS13A	NCBIGene:23230
VPS13B	NCBIGene:157680
VPS13C	NCBIGene:54832
VPS13D	NCBIGene:55187
VPS37B	NCBIGene:79720
VPS52	NCBIGene:6293
VPS54	NCBIGene:51542
VPS8	NCBIGene:23355
VSIG4	NCBIGene:11326
VWA3B	NCBIGene:200403
VWA5B1	NCBIGene:127731
VWA5B2	NCBIGene:90113
VWA7	NCBIGene:80737
VWF	NCBIGene:7450
WAC	NCBIGene:51322
WASH3P	NCBIGene:374666
WBP2	NCBIGene:23558
WBSCR17	NCBIGene:64409
WDFY4	NCBIGene:57705
WDR11	NCBIGene:55717
WDR19	NCBIGene:57728
WDR24	NCBIGene:84219
WDR27	NCBIGene:253769
WDR34	NCBIGene:89891
WDR37	NCBIGene:22884
WDR4	NCBIGene:10785
WDR52	NCBIGene:55779
WDR59	NCBIGene:79726
WDR60	NCBIGene:55112
WDR62	NCBIGene:284403
WDR67	NCBIGene:93594
WDR70	NCBIGene:55100
WDR83	NCBIGene:84292
WDR87	NCBIGene:83889
WHAMMP3	NCBIGene:339005
WHSC1	NCBIGene:7468
WHSC2	NCBIGene:7469
WNK1	NCBIGene:65125
WTH3DI	NCBIGene:150786
WWC3	NCBIGene:55841
WWOX	NCBIGene:51741
XAGE3	NCBIGene:170626
XAGE5	NCBIGene:170627
XPC	NCBIGene:7508
XPNPEP2	NCBIGene:7512
XPO6	NCBIGene:23214
XRCC4	NCBIGene:7518
XRN2	NCBIGene:22803
YPEL3	NCBIGene:83719
YTHDC1	NCBIGene:91746
YY1AP1	NCBIGene:55249
ZBED3	NCBIGene:84327
ZBP1	NCBIGene:81030
ZBTB20	NCBIGene:26137
ZBTB40	NCBIGene:9923
ZBTB46	NCBIGene:140685
ZC3H12D	NCBIGene:340152
ZC3H13	NCBIGene:23091
ZCCHC11	NCBIGene:23318
ZCCHC14	NCBIGene:23174
ZCCHC16	NCBIGene:340595
ZCWPW1	NCBIGene:55063
ZDBF2	NCBIGene:57683
ZDHHC11	NCBIGene:79844
ZDHHC2	NCBIGene:51201
ZDHHC21	NCBIGene:340481
ZER1	NCBIGene:10444
ZFAT	NCBIGene:57623
ZFAT-AS1	NCBIGene:594840
ZFC3H1	NCBIGene:196441
ZFHX3	NCBIGene:463
ZFHX4	NCBIGene:79776
ZFP106	NCBIGene:64397
ZFP64	NCBIGene:55734
ZKSCAN2	NCBIGene:342357
ZMIZ2	NCBIGene:83637
ZNF117	NCBIGene:51351
ZNF124	NCBIGene:7678
ZNF140	NCBIGene:7699
ZNF157	NCBIGene:7712
ZNF219	NCBIGene:51222
ZNF22	NCBIGene:7570
ZNF229	NCBIGene:7772
ZNF235	NCBIGene:9310
ZNF266	NCBIGene:10781
ZNF267	NCBIGene:10308
ZNF271	
ZNF276	NCBIGene:92822
ZNF280D	NCBIGene:54816
ZNF296	NCBIGene:162979
ZNF382	NCBIGene:84911
ZNF396	NCBIGene:252884
ZNF417	NCBIGene:147687
ZNF425	NCBIGene:155054
ZNF429	NCBIGene:353088
ZNF436	NCBIGene:80818
ZNF449	NCBIGene:203523
ZNF467	NCBIGene:168544
ZNF469	NCBIGene:84627
ZNF493	NCBIGene:284443
ZNF512B	NCBIGene:57473
ZNF516	NCBIGene:9658
ZNF529	NCBIGene:57711
ZNF536	NCBIGene:9745
ZNF587	NCBIGene:84914
ZNF616	NCBIGene:90317
ZNF630	NCBIGene:57232
ZNF638	NCBIGene:27332
ZNF709	NCBIGene:163051
ZNF714	NCBIGene:148206
ZNF782	NCBIGene:158431
ZNF785	NCBIGene:146540
ZNF791	NCBIGene:163049
ZNF804A	NCBIGene:91752
ZNF81	NCBIGene:347344
ZNF831	NCBIGene:128611
ZNF880	NCBIGene:400713
ZNF883	NCBIGene:169834
ZNF98	NCBIGene:148198
ZRSR2	NCBIGene:8233
ZSCAN5B	NCBIGene:342933
ZSWIM4	NCBIGene:65249
ZZEF1	NCBIGene:23140
